condition,gene,size,mean,std
Control,GeneA,2,5.0,0.141421356237309
Control,GeneB,2,3.35,0.21213203435596414
TreatA,GeneA,2,6.449999999999999,0.49497474683058307
TreatA,GeneB,2,4.05,0.0707106781186545
TreatB,GeneA,2,5.2,0.2828427124746193
TreatB,GeneB,2,3.7,0.14142135623730917
